Wells,Type,Assay,Read1StartFromCycle,Read2StartFromCycle,Strandness,Assays (filtered on workflow),Index Adapters,Adapter,AdapterRead2,sort order,NoLaneSplitting,LaneDivider,PairedEnd,Type2,Pooling strategy,Pooling strategy Filtered,workflow,Include or exclude in pool,Type3,PipelineName,PipelineName (filtered),Type4,PipelineProfile,PipelineProfile (Filtered),GenePanel,SampleType,Species,Species2,ReferenceGenome,VarCalling,NirvanaAnnotate,Sample_TumorNormalPair,SharedFlowCell,Instrument Type,Sequencing kits,EP IDs,SEQ POOL IDs,
A01,DNA,TruSeq DNA Nano LP,1,1,,TruSeq DNA Nano LP,IDT_10nt_UDI_Index primers Set 1,AGATCGGAAGAGCACACGTCTGAACTCCAGTCA,AGATCGGAAGAGCGTCGTGTAGGGAAAGAGTGT,-1,TRUE,FALSE,true,DNA,Samples,Samples,RNA,Excluded,DNA,fastq_only,fastq_only,RNA,rnaseq_mrna,panel_dragen,Twist_Exome,Fresh Tisue,Homo sapiens,Homo sapiens,hg19,TRUE,TRUE,Tumor,true,NovaSeq6000,NovaSeq 6000 SP Reagent Kit 100 cycles v1.5 (20028401),EP_01,SeqPool_1,
B01,DNA,TruSeq DNA PCR-Free,1,1,,TruSeq DNA PCR-Free,IDT_10nt_UDI_Index primers Set 2,AGATCGGAAGAGCACACGTCTGAACTCCAGTCA,AGATCGGAAGAGCGTCGTGTAGGGAAAGAGTGT,1,FALSE,TRUE,false,DNA,EP,EP,DNA,Included,DNA,dna-dragen,dna-dragen,RNA,uroscan,wgs_dragen,Twist_CoreExome,Blood,Mus musculus,Homo sapiens,hg38,FALSE,FALSE,Normal,false,NextSeq2000,NovaSeq 6000 SP Reagent Kit  200 cycles v1.5 (20040719),EP_02,SeqPool_2,
C01,DNA,KAPA HyperPlus-Twist Comprehesive Exome,1,1,,KAPA HyperPlus-Twist Comprehesive Exome,IDT_10nt_UDI_Index primers Set 3,AGATCGGAAGAGCACACGTCTGAACTCCAGTCA,AGATCGGAAGAGCGTCGTGTAGGGAAAGAGTGT,,,,,RNA,Samples,,seqonly,,DNA,dna-micro,dna-micro,RNA,rnaseq_total,,Twist_ComprehensiveExome,FFPE,Rattus norwegicus,Rattus norwegicus,rn6,,,,,NextSeq500,NovaSeq 6000 SP Reagent Kit  300 cycles v1.5 (20028400),EP_03,SeqPool_3,
D01,DNA,KAPA HyperPlus-Twist GMCK,1,1,,KAPA HyperPlus-Twist GMCK,IDT_10nt_UDI_Index primers Set 4,AGATCGGAAGAGCACACGTCTGAACTCCAGTCA,AGATCGGAAGAGCGTCGTGTAGGGAAAGAGTGT,,,,,seqonly,seqonly,,SC,,DNA,rawdata_only,rawdata_only,DNA,panel_dragen,,GMCK,Sorted Primary,Other,Mus musculus,mm10,,,,,NovaSeq6000_1.0  (check index2 orientation),NovaSeq 6000 S1 Reagent Kit 100 cycles v1.5 (20028319),EP_04,SeqPool_4,
E01,DNA,KAPA-Twist_Targeted panel,1,1,,KAPA-Twist_Targeted panel,,,,,,,,,,,,,RNA,rnaseq,,DNA,wgs_dragen,,GMS_570,Cell Line,multiple,,,,,,,MiSeq (check index2 orientation),NovaSeq 6000 S1 Reagent Kit 200 cycles v1.5 (20028318),EP_05,,
F01,DNA,KAPA HyperPrep,1,1,,KAPA HyperPrep,IDT-ILMN TruSeq DNA UD Indexes 96 Indexes,AGATCGGAAGAGCACACGTCTGAACTCCAGTCA,AGATCGGAAGAGCGTCGTGTAGGGAAAGAGTGT,,,,,,,,,,RNA,fastq_only,,,,,,Other,,,,,,,,,NovaSeq 6000 S1 Reagent Kit 300 cycles v1.5 (20028317),EP_06,,
G01,DNA,Illumina DNA Prep,1,1,,Illumina DNA Prep,IDT-ILMN TruSeq DNA UD Indexes v2 - 96 Indexes,AGATCGGAAGAGCACACGTCTGAACTCCAGTCA,AGATCGGAAGAGCGTCGTGTAGGGAAAGAGTGT,,,,,,,,,,RNA,rawdata_only,,,,,,,,,,,,,,,NovaSeq 6000 S2 Reagent Kit 100 cycles v1.5 (20028316),EP_07,,
H01,RNA,TruSeq Stranded mRNA,1,1,reverse,,IDT-ILMN TruSeq RNA UD Indexes 96 Indexes,AGATCGGAAGAGCACACGTCTGAACTCCAGTCA,AGATCGGAAGAGCGTCGTGTAGGGAAAGAGTGT,,,,,,,,,,seqonly,rawdata_only,,,,,,,,,,,,,,,NovaSeq 6000 S2 Reagent Kit 200 cycles v1.5 (20028315),EP_08,,
A02,RNA,SMART-Seq v4 Ultra Low Input RNA Kit,1,1,forward,,SMARTer RNA Unique Dual Index Kit -96U Set A,AGATCGGAAGAGCACACGTCTGAACTCCAGTCA,AGATCGGAAGAGCGTCGTGTAGGGAAAGAGTGT,,,,,,,,,,seqonly,rawdata_fastq,,,,,,,,,,,,,,,NovaSeq 6000 S2 Reagent Kit 300 cycles v1.5 (20028314),EP_09,,
B02,RNA,SMARTer Stranded Total RNA-Seq Kit v2 Pico Input Mammalian,1,4,reverse,,IDT-Ilmn RNA UD Indexes SetA Ligation,CTGTCTCTTATACACATCT,,,,,,,,,,,SC,sc-rna-10x,,,,,,,,,,,,,,,NovaSeq 6000 S4 Reagent Kit 200 cycles v1.5 (20028313),EP_10,,
C02,RNA,Illumina Stranded mRNA,2,2,reverse,,IDT-Ilmn RNA UD Indexes SetB Ligation,CTGTCTCTTATACACATCT,,,,,,,,,,,SC,rawdata_only,,,,,,,,,,,,,,,NovaSeq 6000 S4 Reagent Kit 300 cycles v1.5 (20028312),EP_11,,
D02,RNA,Illumina Stranded Total RNA,2,2,reverse,,IDT-ILMN Nextera DNA UD Indexes 96 Indexes Set C,CTGTCTCTTATACACATCT,,,,,,,,,,,SC,fastq_only,,,,,,,,,,,,,,,NextSeq 2000 P3 Flow Cell Cartridge,EP_12,,
E02,RNA,SMARTer Stranded Total RNA HI Mammalian,4,1,forward,,IDT-ILMN Nextera DNA UD Indexes 96 Indexes Set A,CTGTCTCTTATACACATCT,,,,,,,,,,,,,,,,,,,,,,,,,,,NextSeq 2000 P2 Flow Cell Cartridge,EP_13,,
F02,RNA,TruSeq Stranded Total RNA Prep Ligation,2,2,reverse,,IDT-ILMN Nextera DNA UD Indexes 96 Indexes Set B,CTGTCTCTTATACACATCT,,,,,,,,,,,,,,,,,,,,,,,,,,,NextSeq 2000 P1 Flow Cell Cartridge,EP_14,,
G02,SC,RNA 10x,1,1,,,IDT-ILMN Nextera DNA UD Indexes 96 Indexes Set D,CTGTCTCTTATACACATCT,,,,,,,,,,,,,,,,,,,,,,,,,,,MiSeq Reagent Kit v1,EP_15,,
H02,SC,HTO,1,1,,,Dual_Index_Kit_TT_Set_A,,,,,,,,,,,,,,,,,,,,,,,,,,,,MiSeq Reagent Kit v2,EP_16,,
A03,SC,ADT,1,1,,,Dual_Index_Kit_NT_Set_A,,,,,,,,,,,,,,,,,,,,,,,,,,,,MiSeq Reagent Kit v3,EP_17,,
B03,SC,CMO,1,1,,,Dual_Index_Kit_NN_Set_A,,,,,,,,,,,,,,,,,,,,,,,,,,,,,EP_18,,
C03,SC,ATAC,1,1,,,,,,,,,,,,,,,,,,,,,,,,,,,,,,,,EP_19,,
D03,SC,ARC,,,,,,,,,,,,,,,,,,,,,,,,,,,,,,,,,,EP_20,,
E03,SC,VDJ,,,,,,,,,,,,,,,,,,,,,,,,,,,,,,,,,,EP_21,,
F03,,,,,,,,,,,,,,,,,,,,,,,,,,,,,,,,,,,,EP_22,,
G03,,,,,,,,,,,,,,,,,,,,,,,,,,,,,,,,,,,,EP_23,,
H03,,,,,,,,,,,,,,,,,,,,,,,,,,,,,,,,,,,,EP_24,,
A04,,,,,,,,,,,,,,,,,,,,,,,,,,,,,,,,,,,,EP_25,,
B04,,,,,,,,,,,,,,,,,,,,,,,,,,,,,,,,,,,,EP_26,,
C04,,,,,,,,,,,,,,,,,,,,,,,,,,,,,,,,,,,,EP_27,,
D04,,,,,,,,,,,,,,,,,,,,,,,,,,,,,,,,,,,,EP_28,,
E04,,,,,,,,,,,,,,,,,,,,,,,,,,,,,,,,,,,,EP_29,,
F04,,,,,,,,,,,,,,,,,,,,,,,,,,,,,,,,,,,,EP_30,,
G04,,,,,,,,,,,,,,,,,,,,,,,,,,,,,,,,,,,,EP_31,,
H04,,,,,,,,,,,,,,,,,,,,,,,,,,,,,,,,,,,,EP_32,,
A05,,,,,,,,,,,,,,,,,,,,,,,,,,,,,,,,,,,,EP_33,,
B05,,,,,,,,,,,,,,,,,,,,,,,,,,,,,,,,,,,,EP_34,,
C05,,,,,,,,,,,,,,,,,,,,,,,,,,,,,,,,,,,,EP_35,,
D05,,,,,,,,,,,,,,,,,,,,,,,,,,,,,,,,,,,,EP_36,,
E05,,,,,,,,,,,,,,,,,,,,,,,,,,,,,,,,,,,,EP_37,,
F05,,,,,,,,,,,,,,,,,,,,,,,,,,,,,,,,,,,,EP_38,,
G05,,,,,,,,,,,,,,,,,,,,,,,,,,,,,,,,,,,,EP_39,,
H05,,,,,,,,,,,,,,,,,,,,,,,,,,,,,,,,,,,,EP_40,,
A06,,,,,,,,,,,,,,,,,,,,,,,,,,,,,,,,,,,,EP_41,,
B06,,,,,,,,,,,,,,,,,,,,,,,,,,,,,,,,,,,,EP_42,,
C06,,,,,,,,,,,,,,,,,,,,,,,,,,,,,,,,,,,,EP_43,,
D06,,,,,,,,,,,,,,,,,,,,,,,,,,,,,,,,,,,,EP_44,,

